zbin,name,Cluster Name,ra,dec,z,gal_l,mass,complete,lowmass,CHANCES,Abell,CODEX,ACT-DR5,PSZ2,LoVoCCS,HIFLUGCS,MeerKAT,m200,c200,r200,d200
1,PSZ2 G335.58-46.44,ABELL 3822,328.52843,-57.86301,0.076,335.58,5.65,True,False,,ABELL 3822,96682,ACT-CL J2154.0-5751,PSZ2 G335.58-46.44,A3822,A3822,,8.15,4.03,1.92,21.51
1,PSZ2 G306.77+58.61,Abell1651,194.86732,-4.20094,0.084,306.78,6.84,True,False,Abell1651,ABELL 1651,62335,ACT-CL J1259.3-0410,PSZ2 G306.77+58.61,A1651,A1651,,9.86,4.05,2.04,20.76
1,PSZ2 G306.66+61.06,Abell1650,194.6654,-1.74965,0.084,306.67,6.0,True,False,Abell1650,ABELL 1650,57829,ACT-CL J1258.7-0145,PSZ2 G306.66+61.06,A1650,A1650,,8.64,4.04,1.96,19.87
1,PSZ2 G046.47-49.44,Abell2420,332.56931,-12.17772,0.085,46.47,5.92,True,False,Abell2420,ABELL 2420,68066,ACT-CL J2210.3-1209,PSZ2 G046.47-49.44,A2420,,,8.53,4.04,1.95,19.76
1,PSZ2 G018.73+23.56,PSZ2 G018.73+23.56,255.57754,-1.02403,0.089,18.73,5.35,True,False,,,,,PSZ2 G018.73+23.56,,,,7.72,4.03,1.88,18.24
1,PSZ2 G006.68-35.55,ABELL 3695,308.70593,-35.82508,0.089,6.69,5.62,True,False,,ABELL 3695,,,PSZ2 G006.68-35.55,A3695,A3695,,8.1,4.03,1.91,18.45
1,PSZ2 G321.98-47.96,ABELL 3921,342.45636,-64.41519,0.094,321.98,5.43,True,False,,ABELL 3921,99375,,PSZ2 G321.98-47.96,A3921,A3921,,7.82,4.03,1.89,17.41
1,PSZ2 G033.46-48.43,ABELL 2384,328.08144,-19.61292,0.094,33.46,5.5,True,False,,ABELL 2384,72087,,PSZ2 G033.46-48.43,A2384,,,7.92,4.04,1.89,17.44
1,PSZ2 G336.60-55.43,Abell3911,341.57173,-52.72214,0.097,336.6,5.77,True,False,Abell3911,ABELL 3911,,,PSZ2 G336.60-55.43,A3911,,,8.32,4.04,1.92,17.35
1,PSZ2 G332.23-46.37,Abell3827,330.46907,-59.93991,0.098,332.24,7.78,True,False,Abell3827,ABELL 3827,,ACT-CL J2201.8-5956,PSZ2 G332.23-46.37,A3827,A3827,,11.22,4.08,2.12,18.9
1,PSZ2 G288.63-37.66,ABELL 3186,58.06098,-74.00856,0.127,288.63,8.69,True,False,,ABELL 3186,,,PSZ2 G288.63-37.66,,,MCXC J0352.4-7401,12.48,4.12,2.18,15.47
1,PSZ2 G273.59+63.27,ABELL 1437,180.1091,3.34847,0.134,273.59,7.47,True,False,,ABELL 1437,52985,,PSZ2 G273.59+63.27,,,,10.75,4.09,2.07,14.03
1,PSZ2 G241.79-24.01,ABELL 3378,91.46955,-35.30911,0.139,241.79,7.54,True,False,,ABELL 3378,81642,ACT-CL J0605.7-3518,PSZ2 G241.79-24.01,,,,10.83,4.1,2.07,13.59
2,PSZ2 G003.93-59.41,ABELL 3888,338.60809,-37.74132,0.151,3.93,9.71,True,False,,ABELL 3888,,ACT-CL J2234.4-3744,PSZ2 G003.93-59.41,,A3888,,13.9,4.18,2.24,13.74
2,PSZ2 G263.68-22.55,PSZ2 G263.68-22.55,101.36936,-54.2294,0.164,263.68,10.74,True,False,PSZ2 G263.68-22.55,ABELL 3404,95056,ACT-CL J0645.4-5413,PSZ2 G263.68-22.55,,,MCXC J0645.4-5413,15.33,4.23,2.3,13.17
2,PSZ2 G313.33+61.13,Abell1689,197.86033,-1.33635,0.183,313.33,11.83,True,False,Abell1689,ABELL 1689,57879,ACT-CL J1311.5-0119,PSZ2 G313.33+61.13,,A1689,,16.83,4.3,2.36,12.37
2,PSZ2 G006.76+30.45,Abell2163,243.95488,-6.15236,0.203,6.77,21.74,True,False,Abell2163,ABELL 2163,62929,,PSZ2 G006.76+30.45,,A2163,,30.27,4.83,2.85,13.77
2,PSZ2 G195.75-24.32,PSZ2 G195.75-24.32,73.52666,2.96225,0.203,195.76,10.52,True,False,PSZ2 G195.75-24.32,ABELL 0520,51504,ACT-CL J0454.1+0255,PSZ2 G195.75-24.32,,,,15.02,4.27,2.25,10.9
2,PSZ2 G159.91-73.50,Abell 0209,22.98088,-13.61399,0.206,159.92,11.42,True,False,Abell 0209,ABELL 0209,64532,ACT-CL J0131.8-1336,PSZ2 G159.91-73.50,,,MCXC J0131.8-1336,16.25,4.31,2.31,11.05
2,PSZ2 G208.60-26.00,PSZ2 G208.60-26.00,77.68686,-8.0202,0.22,208.6,10.45,True,False,PSZ2 G208.60-26.00,,60710,ACT-CL J0510.7-0801,PSZ2 G208.60-26.00,,,MCXC J0510.7-0801,14.91,4.29,2.24,10.18
2,PSZ2 G346.61+35.06,RXC J1514.9-1523,228.75242,-15.3566,0.223,346.62,11.95,True,False,RXC J1514.9-1523,,71139,,PSZ2 G346.61+35.06,,,,16.96,4.36,2.33,10.5
2,PSZ2 G033.97-76.61,ABELL 2667,357.92736,-26.0953,0.226,33.97,10.19,True,False,,ABELL 2667,,ACT-CL J2351.6-2604,PSZ2 G033.97-76.61,,,MCXC J2351.6-2605,14.55,4.28,2.21,9.83
2,PSZ2 G340.94+35.07,AbellS0780,224.89388,-18.17281,0.236,340.94,10.52,True,False,AbellS0780,ABELL S0780,71158,,PSZ2 G340.94+35.07,,,,14.96,4.31,2.23,9.6
3,PSZ2 G340.36+60.58,Abell1835,210.25292,2.87076,0.253,340.37,13.15,True,False,Abell1835,ABELL 1835,53349,ACT-CL J1401.0+0252,PSZ2 G340.36+60.58,,,,18.6,4.48,2.38,9.73
3,PSZ2 G106.87-83.23,ABELL 2813,10.86618,-20.61702,0.292,106.88,10.96,True,False,,ABELL 2813,72544,ACT-CL J0043.3-2037,PSZ2 G106.87-83.23,,,MCXC J0043.4-2037,15.55,4.41,2.21,8.14
3,PSZ2 G262.27-35.38,PSZ2 G262.27-35.38,79.14697,-54.53433,0.295,262.27,11.82,True,False,PSZ2 G262.27-35.38,ABELL S0520,94804,ACT-CL J0516.6-5430,PSZ2 G262.27-35.38,,,MCXC J0516.6-5430,16.71,4.46,2.26,8.28
3,PSZ2 G266.04-21.25,ClG 0657-56 Bullet cluster,104.63188,-55.96172,0.296,266.04,17.67,True,False,ClG 0657-56 Bullet cluster,,95199,ACT-CL J0658.5-5557,PSZ2 G266.04-21.25,,,MCXC J0658.5-5556,24.6,4.82,2.57,9.38
3,PSZ2 G292.56+21.97,86157,180.29998,-39.88369,0.3,292.57,10.69,True,False,,,86157,,PSZ2 G292.56+21.97,,,,15.17,4.41,2.18,7.91
3,PSZ2 G008.94-81.22,Abell2744,3.55906,-30.38762,0.307,8.95,13.27,True,False,Abell2744,ABELL 2744,76737,ACT-CL J0014.3-3022,PSZ2 G008.94-81.22,,,MCXC J0014.3-3023,18.68,4.57,2.33,8.33
3,PSZ2 G278.58+39.16,Abell1300,172.98557,-19.91442,0.308,278.58,12.1,True,False,Abell1300,ABELL 1300,74775,,PSZ2 G278.58+39.16,,,,17.09,4.5,2.26,8.07
3,PSZ2 G205.05-62.95,PSZ2 G205.05-62.95,41.60763,-20.52687,0.31,205.05,10.3,True,False,PSZ2 G205.05-62.95,ABELL 3048,73036,ACT-CL J0246.4-2033,PSZ2 G205.05-62.95,,,,14.61,4.4,2.15,7.61
3,PSZ2 G008.31-64.74,PSZ1 G008.31-64.31,344.67823,-34.78825,0.312,8.32,10.45,True,False,PSZ1 G008.31-64.31,ABELL S1077,,ACT-CL J2258.8-3447,PSZ2 G008.31-64.74,,,,14.82,4.41,2.15,7.61
3,PSZ2 G018.54-25.69,ACT-CL J2003.5-2323,300.86557,-23.39151,0.317,18.54,12.13,True,False,,,,ACT-CL J2003.5-2323,PSZ2 G018.54-25.69,,,,17.1,4.52,2.26,7.87
3,PSZ2 G053.44-36.25,59236,323.79916,-1.04485,0.33,53.44,10.06,True,False,,,59236,ACT-CL J2135.1-0103,PSZ2 G053.44-36.25,,,,14.26,4.41,2.11,7.18
3,PSZ2 G349.46-59.95,RXC J2248.7-4431,342.21532,-44.52599,0.347,349.47,15.32,True,False,RXC J2248.7-4431,ABELL S1063,91063,ACT-CL J2248.8-4431,PSZ2 G349.46-59.95,,,MCXC J2248.7-4431,21.4,4.79,2.4,7.89
4,PSZ2 G271.18-30.95,PSZ2 G271.18-30.95,87.34604,-62.07272,0.37,271.18,9.95,True,False,PSZ2 G271.18-30.95,,,,PSZ2 G271.18-30.95,,,,14.06,4.46,2.07,6.53
4,PSZ2 G172.98-53.55,Abell0370,39.96505,-1.56808,0.373,172.99,10.31,True,False,Abell0370,ABELL 0370,,ACT-CL J0239.8-0134,PSZ2 G172.98-53.55,,,ZwCl 0237.2-0146,14.58,4.49,2.09,6.57
4,PSZ2 G284.97-23.69,PSZ2 G284.97-23.69,110.83945,-73.43934,0.39,284.98,11.32,True,False,PSZ2 G284.97-23.69,,,,PSZ2 G284.97-23.69,,,,15.91,4.59,2.14,6.54
4,PSZ2 G341.16+34.81,AbellS0780,225.21151,-18.27528,0.39,341.17,10.01,True,False,AbellS0780,ABELL S0783,,,PSZ2 G341.16+34.81,,,,14.16,4.5,2.06,6.29
4,PSZ2 G286.98+32.90,PSZ2 G286.98+32.90,177.70615,-28.08548,0.39,286.99,19.82,True,False,PSZ2 G286.98+32.90,,,,PSZ2 G286.98+32.90,,,,27.25,5.18,2.56,7.82
4,PSZ2 G057.25-45.34,RXC J2211.7-0350,332.93076,-3.82923,0.397,57.25,14.17,True,False,RXC J2211.7-0350,,63810,ACT-CL J2211.7-0349,PSZ2 G057.25-45.34,,,,19.76,4.81,2.29,6.93
4,PSZ2 G243.15-73.84,PSZ2 G243.15-73.84,29.76292,-34.23511,0.41,243.15,10.91,True,False,PSZ2 G243.15-73.84,,80876,ACT-CL J0159.0-3413,PSZ2 G243.15-73.84,,,,15.33,4.59,2.1,6.22
4,PSZ2 G304.84-41.40,PSZ2 G304.84-41.40,7.06987,-75.63401,0.41,304.84,10.31,True,False,PSZ2 G304.84-41.40,,,,PSZ2 G304.84-41.40,,,,14.54,4.55,2.06,6.11
4,PSZ2 G239.27-26.01,MACS J0553.4-3342,88.34853,-33.70195,0.43,239.27,11.83,True,False,MACS J0553.4-3342,,81601,ACT-CL J0553.4-3342,PSZ2 G239.27-26.01,,,,16.58,4.7,2.14,6.15
4,PSZ2 G277.76-51.74,PSZ2 G277.76-51.74,43.56849,-58.96076,0.438,277.76,13.07,True,False,PSZ2 G277.76-51.74,,94481,ACT-CL J0254.3-5857,PSZ2 G277.76-51.74,,,,18.23,4.81,2.2,6.26
4,PSZ2 G284.41+52.45,MACS J1206.2-0847,181.56221,-8.78873,0.441,284.41,15.08,True,False,MACS J1206.2-0847,,66566,,PSZ2 G284.41+52.45,,,,20.92,4.97,2.3,6.52
4,PSZ2 G205.93-39.46,PSZ2 G205.93-39.46,64.40636,-11.89587,0.443,205.94,16.53,True,False,PSZ2 G205.93-39.46,,64990,ACT-CL J0417.5-1154,PSZ2 G205.93-39.46,,,MCXC J0417.5-1154,22.79,5.08,2.36,6.69
4,PSZ2 G056.93-55.08,68101,340.8341,-9.5951,0.447,56.94,13.48,True,False,,,68101,ACT-CL J2243.3-0935,PSZ2 G056.93-55.08,,,,18.77,4.86,2.21,6.23
